UUFA_WR_WITH_COMMENT_CODE.xls,Weekly Reports
UUFA_WR_BLANK_LOAN_TYPE.xls,Weekly Reports
UUFA_IL_STDNTS_W_ISIRVW.xls,Daily Reports
UUFA_EA_SCH79PCT_FSU_ATH.xls,External Award Reports
UUFA_EA_SCH79PCT_FSU_NO_ATH.xls,External Award Reports
UUFA_EA_SCH79_FSU_4UT.xls,External Award Reports
UUFA_EA_SCH79_FSU_ATH.xls,External Award Reports
UUFA_JB_SCH_EA_4UT_FSU.xls,External Award Reports
UUFA_JB_SCH_EA_ATH_FSU.xls,External Award Reports
UUFA_SMR_PKG_HI_PELL_LEU.xls,Pell Reports
UUFA_IL_STDNTS_W_ISIRVW2.xls,Daily Reports
UUFA_FA_SP_PELL_SUMMER_PKG.xls,Pell Reports
UUFA_RPKG_HI_PELL_LEU.xls,Pell Reports
UUFA_RPKG_LVL.xls,Packaging Reports
UUFA_PLACE_FA9.xls,Packaging Reports
rdyrepckg24.csv,Other Reports
UUFA_IL_ALL_ITEM_SUM_OVRAWD.xls,Daily Reports
